{
  "herg_pchembl": {
    "kind": "reg",
    "n": 2263,
    "stage1": {
      "pearson": 0.5544400215148926,
      "spearman": 0.5542122932802659,
      "mae": 0.4627772867679596,
      "rmse": 0.6596364378929138,
      "r2": 0.3017256259918213,
      "n": 2263,
      "r_seed_min": 0.5205395817756653,
      "r_seed_max": 0.540733814239502,
      "r_seed_std": 0.00718392338603735
    },
    "stage2": {
      "pearson": 0.5422382354736328,
      "spearman": 0.5482312089429872,
      "mae": 0.5722337961196899,
      "rmse": 0.7800094485282898,
      "r2": 0.02362525463104248,
      "n": 2263,
      "r_seed_min": 0.516006350517273,
      "r_seed_max": 0.5304241180419922,
      "r_seed_std": 0.0053613800555467606
    }
  },
  "herg_blocker_10um": {
    "kind": "cls",
    "n": 46120,
    "stage1": {
      "auc": 0.914639578721618,
      "mcc": 0.4544853461477828,
      "sens": 0.6584845250800427,
      "spec": 0.9728216364561892,
      "tp": 617,
      "fp": 1228,
      "tn": 43955,
      "fn": 320,
      "n": 46120,
      "auc_seed_min": 0.9050251614028009,
      "auc_seed_max": 0.9105910008418038,
      "auc_seed_std": 0.0020841862178317514
    },
    "stage2": {
      "auc": 0.908462729451399,
      "mcc": 0.43849418924116157,
      "sens": 0.6616862326574173,
      "spec": 0.9697009937365824,
      "tp": 620,
      "fp": 1369,
      "tn": 43814,
      "fn": 317,
      "n": 46120,
      "auc_seed_min": 0.8975663087270547,
      "auc_seed_max": 0.9046833993319849,
      "auc_seed_std": 0.00264802189926607
    }
  },
  "herg_blocker_1um": {
    "kind": "cls",
    "n": 46042,
    "stage1": {
      "auc": 0.9571848388132616,
      "mcc": 0.36536870486103457,
      "sens": 0.5,
      "spec": 0.9940003490705995,
      "tp": 103,
      "fp": 275,
      "tn": 45561,
      "fn": 103,
      "n": 46042,
      "auc_seed_min": 0.9494399407935596,
      "auc_seed_max": 0.9582251666346121,
      "auc_seed_std": 0.003332949881234019
    },
    "stage2": {
      "auc": 0.9558135505478801,
      "mcc": 0.34838821157352695,
      "sens": 0.5728155339805825,
      "spec": 0.9907278122000175,
      "tp": 118,
      "fp": 425,
      "tn": 45411,
      "fn": 88,
      "n": 46042,
      "auc_seed_min": 0.9440415258452042,
      "auc_seed_max": 0.9578623280806116,
      "auc_seed_std": 0.0050221931276893126
    }
  },
  "nav15_pchembl": {
    "kind": "reg",
    "n": 184,
    "stage1": {
      "pearson": 0.5781652927398682,
      "spearman": 0.5772788847842644,
      "mae": 0.3994545340538025,
      "rmse": 0.5661244988441467,
      "r2": 0.2881017327308655,
      "n": 184,
      "r_seed_min": 0.5382283926010132,
      "r_seed_max": 0.5761542320251465,
      "r_seed_std": 0.013020286336541176
    },
    "stage2": {
      "pearson": 0.5776989459991455,
      "spearman": 0.5844833941411324,
      "mae": 0.3941658139228821,
      "rmse": 0.5627697706222534,
      "r2": 0.29651373624801636,
      "n": 184,
      "r_seed_min": 0.5414930582046509,
      "r_seed_max": 0.578384518623352,
      "r_seed_std": 0.012424122542142868
    }
  },
  "nav15_blocker": {
    "kind": "cls",
    "n": 218,
    "stage1": {
      "auc": 0.8247885559152135,
      "mcc": 0.44627062002978035,
      "sens": 0.7704918032786885,
      "spec": 0.7197452229299363,
      "tp": 47,
      "fp": 44,
      "tn": 113,
      "fn": 14,
      "n": 218,
      "auc_seed_min": 0.7911663360133654,
      "auc_seed_max": 0.8199853816435209,
      "auc_seed_std": 0.01186289182088221
    },
    "stage2": {
      "auc": 0.8241620549232536,
      "mcc": 0.4452030805599194,
      "sens": 0.7540983606557377,
      "spec": 0.732484076433121,
      "tp": 46,
      "fp": 42,
      "tn": 115,
      "fn": 15,
      "n": 218,
      "auc_seed_min": 0.7935679231492117,
      "auc_seed_max": 0.8221781351153805,
      "auc_seed_std": 0.010471795361057126
    }
  },
  "cav12_pchembl": {
    "kind": "reg",
    "n": 124,
    "stage1": {
      "pearson": 0.6628202795982361,
      "spearman": 0.5056663609369688,
      "mae": 0.6340175867080688,
      "rmse": 0.8735413551330566,
      "r2": 0.38974469900131226,
      "n": 124,
      "r_seed_min": 0.5932067632675171,
      "r_seed_max": 0.6649529933929443,
      "r_seed_std": 0.02535792626440525
    },
    "stage2": {
      "pearson": 0.6546086072921753,
      "spearman": 0.5025495787655345,
      "mae": 0.6067535281181335,
      "rmse": 0.857631504535675,
      "r2": 0.4117715358734131,
      "n": 124,
      "r_seed_min": 0.5980913639068604,
      "r_seed_max": 0.6623848676681519,
      "r_seed_std": 0.022656390443444252
    }
  },
  "cav12_blocker": {
    "kind": "cls",
    "n": 160,
    "stage1": {
      "auc": 0.8160266457680251,
      "mcc": 0.4204231461659226,
      "sens": 0.7272727272727273,
      "spec": 0.7327586206896551,
      "tp": 32,
      "fp": 31,
      "tn": 85,
      "fn": 12,
      "n": 160,
      "auc_seed_min": 0.7842868338557994,
      "auc_seed_max": 0.8213166144200628,
      "auc_seed_std": 0.013199921220402805
    },
    "stage2": {
      "auc": 0.816614420062696,
      "mcc": 0.4204231461659226,
      "sens": 0.7272727272727273,
      "spec": 0.7327586206896551,
      "tp": 32,
      "fp": 31,
      "tn": 85,
      "fn": 12,
      "n": 160,
      "auc_seed_min": 0.78467868338558,
      "auc_seed_max": 0.8209247648902821,
      "auc_seed_std": 0.012959856735962763
    }
  },
  "iks_blocker": {
    "kind": "cls",
    "n": 14,
    "stage1": {
      "auc": 0.5384615384615384,
      "mcc": -0.14484136487558028,
      "sens": 0.0,
      "spec": 0.7692307692307693,
      "tp": 0,
      "fp": 3,
      "tn": 10,
      "fn": 1,
      "n": 14,
      "auc_seed_min": 0.15384615384615385,
      "auc_seed_max": 0.8461538461538461,
      "auc_seed_std": 0.22081077068318958
    },
    "stage2": {
      "auc": 0.5384615384615384,
      "mcc": -0.07692307692307693,
      "sens": 0.0,
      "spec": 0.9230769230769231,
      "tp": 0,
      "fp": 1,
      "tn": 12,
      "fn": 1,
      "n": 14,
      "auc_seed_min": 0.15384615384615385,
      "auc_seed_max": 0.6923076923076923,
      "auc_seed_std": 0.17541160386140583
    }
  }
}