{
  "split": "tan70_v2",
  "n_boot": 1000,
  "leak_threshold": 0.99,
  "bootstrap_seed": 20260428,
  "channels": {
    "herg_10um": {
      "ctoxpred2": {
        "n_total": 46120,
        "n_leak": 1306,
        "frac_leak": 0.02831743278404163,
        "pre_de_leak": {
          "n": 46120,
          "auc_a_point": 0.9169294956114789,
          "auc_b_point": 0.8321135221686285,
          "mcc_a_point": 0.46570298030938345,
          "mcc_b_point": 0.12331321654332256,
          "d_auc_point": 0.0848159734428503,
          "d_auc_ci_lo": 0.07004010065108585,
          "d_auc_ci_hi": 0.09964047035092215,
          "d_mcc_point": 0.3423897637660609,
          "d_mcc_ci_lo": 0.321538112471047,
          "d_mcc_ci_hi": 0.36267832588014953,
          "p_d_auc_le_0": 0.0,
          "p_d_mcc_le_0": 0.0
        },
        "post_de_leak": {
          "n": 44814,
          "auc_a_point": 0.8991318977859536,
          "auc_b_point": 0.7683841534719351,
          "mcc_a_point": 0.39887570842469394,
          "mcc_b_point": 0.07225892104566933,
          "d_auc_point": 0.13074774431401848,
          "d_auc_ci_lo": 0.10719815271922144,
          "d_auc_ci_hi": 0.1552950148267276,
          "d_mcc_point": 0.3266167873790246,
          "d_mcc_ci_lo": 0.29833400346835076,
          "d_mcc_ci_hi": 0.35263226497800143,
          "p_d_auc_le_0": 0.0,
          "p_d_mcc_le_0": 0.0
        }
      },
      "cardiogenai": {
        "n_total": 46024,
        "n_leak": 1299,
        "frac_leak": 0.028224404658439076,
        "pre_de_leak": {
          "n": 46024,
          "auc_a_point": 0.9170412247582229,
          "auc_b_point": 0.86165188511835,
          "mcc_a_point": 0.4674602572430196,
          "mcc_b_point": 0.14699451206439737,
          "d_auc_point": 0.055389339639872914,
          "d_auc_ci_lo": 0.03966397204048077,
          "d_auc_ci_hi": 0.07045686155684583,
          "d_mcc_point": 0.32046574517862225,
          "d_mcc_ci_lo": 0.2992827788675479,
          "d_mcc_ci_hi": 0.3421342692378504,
          "p_d_auc_le_0": 0.0,
          "p_d_mcc_le_0": 0.0
        },
        "post_de_leak": {
          "n": 44725,
          "auc_a_point": 0.8988841746454903,
          "auc_b_point": 0.7833991831671863,
          "mcc_a_point": 0.4006774549145067,
          "mcc_b_point": 0.08637434580463652,
          "d_auc_point": 0.11548499147830404,
          "d_auc_ci_lo": 0.08845724372968206,
          "d_auc_ci_hi": 0.14336289202881533,
          "d_mcc_point": 0.31430310910987014,
          "d_mcc_ci_lo": 0.284409044582159,
          "d_mcc_ci_hi": 0.3424999028800382,
          "p_d_auc_le_0": 0.0,
          "p_d_mcc_le_0": 0.0
        }
      }
    },
    "nav15": {
      "ctoxpred2": {
        "n_total": 218,
        "n_leak": 48,
        "frac_leak": 0.22018348623853212,
        "pre_de_leak": {
          "n": 218,
          "auc_a_point": 0.8306358985068393,
          "auc_b_point": 0.7835961156938498,
          "mcc_a_point": 0.4513773237576914,
          "mcc_b_point": 0.3835287198989549,
          "d_auc_point": 0.047039782812989483,
          "d_auc_ci_lo": -0.013773452079276929,
          "d_auc_ci_hi": 0.10742727743831136,
          "d_mcc_point": 0.06784860385873653,
          "d_mcc_ci_lo": -0.05941548798961986,
          "d_mcc_ci_hi": 0.1980243781367135,
          "p_d_auc_le_0": 0.075,
          "p_d_mcc_le_0": 0.156
        },
        "post_de_leak": {
          "n": 170,
          "auc_a_point": 0.8211578777616513,
          "auc_b_point": 0.7606031285276569,
          "mcc_a_point": 0.42060127095673433,
          "mcc_b_point": 0.32973035137879236,
          "d_auc_point": 0.0605547492339944,
          "d_auc_ci_lo": -0.0018354180798820755,
          "d_auc_ci_hi": 0.1339861173059767,
          "d_mcc_point": 0.09087091957794197,
          "d_mcc_ci_lo": -0.05348322239919796,
          "d_mcc_ci_hi": 0.23990980015050767,
          "p_d_auc_le_0": 0.033,
          "p_d_mcc_le_0": 0.1
        }
      },
      "cardiogenai": {
        "n_total": 217,
        "n_leak": 48,
        "frac_leak": 0.22119815668202766,
        "pre_de_leak": {
          "n": 217,
          "auc_a_point": 0.8317570407734343,
          "auc_b_point": 0.7746952501050861,
          "mcc_a_point": 0.457529848875733,
          "mcc_b_point": 0.3755342502485596,
          "d_auc_point": 0.057061790668348156,
          "d_auc_ci_lo": -0.013413823458560565,
          "d_auc_ci_hi": 0.12622816324516395,
          "d_mcc_point": 0.08199559862717343,
          "d_mcc_ci_lo": -0.05384009619101331,
          "d_mcc_ci_hi": 0.21126225785552336,
          "p_d_auc_le_0": 0.054,
          "p_d_mcc_le_0": 0.119
        },
        "post_de_leak": {
          "n": 169,
          "auc_a_point": 0.8227065712426805,
          "auc_b_point": 0.7473975276512687,
          "mcc_a_point": 0.4284027125393402,
          "mcc_b_point": 0.3149359666997349,
          "d_auc_point": 0.07530904359141188,
          "d_auc_ci_lo": 0.002561368230587673,
          "d_auc_ci_hi": 0.1458341415212571,
          "d_mcc_point": 0.11346674583960531,
          "d_mcc_ci_lo": -0.03345292507406858,
          "d_mcc_ci_hi": 0.2538011902285083,
          "p_d_auc_le_0": 0.022,
          "p_d_mcc_le_0": 0.073
        }
      }
    },
    "cav12": {
      "ctoxpred2": {
        "n_total": 160,
        "n_leak": 33,
        "frac_leak": 0.20625,
        "pre_de_leak": {
          "n": 160,
          "auc_a_point": 0.8411050156739811,
          "auc_b_point": 0.815242946708464,
          "mcc_a_point": 0.48847259620419115,
          "mcc_b_point": 0.47134110314868877,
          "d_auc_point": 0.025862068965517127,
          "d_auc_ci_lo": -0.06457946271497811,
          "d_auc_ci_hi": 0.11052531534716041,
          "d_mcc_point": 0.017131493055502378,
          "d_mcc_ci_lo": -0.15284308843521446,
          "d_mcc_ci_hi": 0.18126943620787603,
          "p_d_auc_le_0": 0.292,
          "p_d_mcc_le_0": 0.412
        },
        "post_de_leak": {
          "n": 127,
          "auc_a_point": 0.8773310023310023,
          "auc_b_point": 0.7712703962703963,
          "mcc_a_point": 0.550350172913094,
          "mcc_b_point": 0.40474274922730286,
          "d_auc_point": 0.10606060606060597,
          "d_auc_ci_lo": 0.03155966511773454,
          "d_auc_ci_hi": 0.19426583851295565,
          "d_mcc_point": 0.1456074236857911,
          "d_mcc_ci_lo": -0.02198256363761156,
          "d_mcc_ci_hi": 0.3210435634966345,
          "p_d_auc_le_0": 0.002,
          "p_d_mcc_le_0": 0.049
        }
      },
      "cardiogenai": {
        "n_total": 160,
        "n_leak": 33,
        "frac_leak": 0.20625,
        "pre_de_leak": {
          "n": 160,
          "auc_a_point": 0.8411050156739811,
          "auc_b_point": 0.8732366771159875,
          "mcc_a_point": 0.48847259620419115,
          "mcc_b_point": 0.5156886423289598,
          "d_auc_point": -0.03213166144200641,
          "d_auc_ci_lo": -0.10515144829734202,
          "d_auc_ci_hi": 0.03857086066388409,
          "d_mcc_point": -0.02721604612476869,
          "d_mcc_ci_lo": -0.18884327656501784,
          "d_mcc_ci_hi": 0.11869907718926519,
          "p_d_auc_le_0": 0.823,
          "p_d_mcc_le_0": 0.658
        },
        "post_de_leak": {
          "n": 127,
          "auc_a_point": 0.8773310023310023,
          "auc_b_point": 0.8551864801864802,
          "mcc_a_point": 0.550350172913094,
          "mcc_b_point": 0.48708163659704845,
          "d_auc_point": 0.022144522144522005,
          "d_auc_ci_lo": -0.049964887242164246,
          "d_auc_ci_hi": 0.09994234180958017,
          "d_mcc_point": 0.06326853631604551,
          "d_mcc_ci_lo": -0.09168179799964207,
          "d_mcc_ci_hi": 0.22059226388664216,
          "p_d_auc_le_0": 0.252,
          "p_d_mcc_le_0": 0.203
        }
      }
    },
    "herg_1um": {
      "ctoxpred2": {
        "n_total": 46042,
        "n_leak": 1306,
        "frac_leak": 0.0283654054993267,
        "pre_de_leak": {
          "n": 46042,